Зинаида Семёновна Громова,2154
Степан Щукин,2067
Гусев Геннадий,2065
Фомичев Владислав,2079
Харитонов Валерий Эдуардович,2070
Василий Блинов,2051
Галкина Людмила,2057
Михеева Людмила,2041
Ирина Полякова,2043
Костина Анна Аркадьевна,2067
Юрий Ефремов,2046
Семенов Вадим,2051
Котова Арина Лаврентьевна,2100
Пахомов Владислав Валентинович,2074
Гурьев Степан,2040
Константин Ширяев,2072
Гурьева Людмила Романовна,2081
Сафонова Нина,2043
Арина Лаврентьева,2048
Матвеев Алексей,2035
Никита Георгиевич Игнатов,2054
Терентьева Юлия Денисовна,2070
Матвеев Эдуард Сергеевич,2050
Доронина Римма,2032
Фомина Нина,2039
Шубина Анастасия,2035
Колесников Михаил Андреевич,2077
Анна Данииловна Уварова,2051
Мартынова Варвара,2050
Наумова Алла,2030
Федорова Татьяна,2051
Анатолий Горшков,2030
Кудряшов Даниил Александрович,2050
Илья Шубин,2004
Титов Владислав,2019
Ермакова Нина,3956
Анфиса Калинина,2006
Селиверстов Макар,2026
Гущин Дмитрий,2021
Кира Леонидовна Дементьева,2057
Игнатова Надежда,2022
Боброва Наталья,2035
Мельникова Алина,2042
Бирюкова Валерия,2005
Афанасьева Ксения Владимировна,2047
Лаврентьев Андрей,2014
Даниил Анатольевич Тихонов,2053
Татьяна Витальевна Тихонова,2053
Елена Егоровна Рыбакова,2039
Владислав Архипов,2032
Рогов Борис,2022
Мельников Станислав Альбертович,2044
Никонов Алексей Аркадьевич,2020
Лыткин Александр Дмитриевич,2013
Силин Роман,1999
Герман Архипов,1993
Алина Панова,2002
Денисов Леонид Лукич,2023
Владимиров Аркадий Егорович,2048
Нина Медведева,2004
Горшкова Алла Васильевна,2038
Елизавета Шилова,2004
Римма Якушева,2016
Владислав Агафонов,2010
Антонова Наталья Арсеньевна,2022
Илья Владимирович Селезнев,2037
Лазарева Анна Витальевна,2014
Галкин Дмитрий Геннадьевич,2019
Кондратьева Валерия,2020
Евгения Воробьева,2012
Захаров Владимир,2003
Бобров Герман,1983
Белова Дарья Валентиновна,2050
Вячеслав Вадимович Лапин,2024
Самсонов Семён,1994
Соловьев Макар,2009
Мария Егоровна Наумова,2026
Макаров Виктор,2019
Крылов Роман Евгеньевич,2019
Рожкова Зоя Ильинична,2037
Федорова Лариса,1996
Тимофеев Семён,1989
Антонина Данииловна Ситникова,2025
Крюков Василий Аркадьевич,2020
Игнатьева Валентина,2007
Маркова Маргарита,1986
Бобылев Валентин Константинович,2036
Андрей Константинович Белов,2033
Ковалева Татьяна,2015
Ермакова Раиса,58
Константинов Вячеслав,2004
Антонида Андреевна Родионова,2023
Наталья Вадимовна Тихонова,2037
Ольга Ивановна Кудряшова,2004
Ковалев Семён Лаврентьевич,2016
Лебедев Денис Ярославович,2021
Олег Рогов,1975
Арсений Анатольевич Беляков,2018
Виталий Максимович Сидоров,2006
Гущин Илья,1975
Стрелкова Надежда Алексеевна,2009
Михеев Максим,1991
Николай Игоревич Суворов,2002
Егор Пахомов,2000
Панова Тамара Сергеевна,2008
Марина Комиссарова,1995
Кабанов Лука Вадимович,1999
Ульяна Аркадьевна Силина,2019
Филатов Эдуард Лаврентьевич,2008
Эдуард Овчинников,1993
Шилова Алла Леонидовна,2017
Александр Гущин,1987
Даниил Лаврентьевич Блохин,2005
Баранов Никита,1986
Мишина Ксения,1992
Андреева Валерия,1969
Александра Викторовна Гаврилова,1990
Марина Аркадьевна Комарова,2005
Яковлев Арсений,1990
Степанов Леонид Романович,2012
Александр Денисович Самойлов,2005
Кулагин Александр,1990
Прохоров Денис Константинович,2025
Наталья Прохорова,1982
Филатов Матвей Романович,2007
Ксения Лаврентьевна Богданова,2007
Анисимова Виктория Денисовна,1975
Казаков Михаил,1982
Петров Юрий Алексеевич,1987
Богданова Анжела Ивановна,2001
Абрамова Любовь Валентиновна,1997
Брагин Иван Лаврентьевич,1969
Борис Вадимович Михеев,1993
Блохин Владимир Эдуардович,2020
Воронова Оксана Григорьевна,1998
Савина Екатерина,1968
Селиверстова Вероника Данииловна,1984
Ольга Арсеньевна Носкова,1982
Павлова Ольга Юрьевна,3822
Борис Власов,1967
Лыткина Надежда Эдуардовна,2001
Муравьева Регина,1971
Кошелева Алина Лаврентьевна,1983
Михаил Владиславович Некрасов,1978
Елизавета Третьякова,1958
Валентин Владимиров,1981
Алевтина Владимировна Быкова,1988
Брагина Ирина Вячеславовна,1972
Александр Егорович Потапов,1974
Семён Казаков,1937
Крюкова Анжела Витальевна,1983
Соловьева Галина,1967
Раиса Станиславовна Кошелева,1964
Римма Нестерова,1944
Котова Елизавета,1952
Илья Ярославович Ермаков,1960
Галкин Вячеслав Геннадьевич,1963
Сергей Вячеславович Селезнев,1971
Алексей Эдуардович Цветков,1966
Сергей Валерьевич Колобов,1961
Алина Валерьевна Петрова,1972
Геннадий Егорович Белов,1974
Людмила Никитична Иванова,1953
Артём Калашников,1960
Самойлова Ульяна Егоровна,1947
Силина Анжелика,1935
Доронин Аркадий,1937
Марина Евгеньевна Юдина,1968
Владимир Абрамов,1937
Панфилова Оксана Максимовна,1955
Жанна Владимировна Стрелкова,1968
Павлова Ольга Андреевна,127
Соболева Регина Вячеславовна,1969
Никита Николаевич Федосеев,1962
Леонид Семенов,1937
Турова Алевтина Константиновна,1965
Соколов Валерий,1928
Евгения Аркадьевна Некрасова,1962
Савельев Евгений,1956
Блинов Виктор Михайлович,1958
Щербакова Дарья Владиславовна,1956
Семенова Вера,1909
Лариса Арсеньевна Соколова,1952
Пономарева Людмила Евгеньевна,1949
Любовь Михайловна Романова,1940
Антонида Рожкова,1927
Светлана Лебедева,1921
Максимова Дарья,1909
Римма Валентиновна Григорьева,1949
Зинаида Владиславовна Дмитриева,1965
Белозерова Жанна Антоновна,1948
Валерия Никитична Веселова,1951
Маслова София Альбертовна,1929
Максим Григорьевич Симонов,1932
Ефремова Алевтина Андреевна,1936
Вера Алексеевна Щербакова,1923
Анатолий Игнатьевич Бирюков,1914
Рожкова Лидия Германовна,1918
Большакова Валерия Семёновна,1892
Василий Денисович Алексеев,1896
